game_date,game_id,home_team,away_team,home_win_proba,sim_home_win
2022-10-18,22200001,BOS,PHI,0.5371960276136497,1
2022-10-18,22200002,GSW,LAL,0.7322192824777359,0
2022-10-19,22200003,DET,ORL,0.6145897308827254,0
2022-10-19,22200004,IND,WAS,0.5545257009341832,0
2022-10-19,22200005,ATL,HOU,0.8621787736609267,1
2022-10-19,22200006,BKN,NOP,0.5262780246394081,1
2022-10-19,22200007,MIA,CHI,0.7429459911442774,1
2022-10-19,22200008,TOR,CLE,0.7008046548064103,0
2022-10-19,22200009,MEM,NYK,0.7280414468737328,1
2022-10-19,22200010,MIN,OKC,0.8184767377775967,1
2022-10-19,22200011,SAS,CHA,0.4655528902679109,1
2022-10-19,22200012,UTA,DEN,0.6048424949562645,0
2022-10-19,22200013,PHX,DAL,0.5900262579995244,0
2022-10-19,22200014,SAC,POR,0.6763084907162242,1
2022-10-20,22200015,PHI,MIL,0.5492262221675788,1
2022-10-20,22200016,LAL,LAC,0.30746769915277133,1
2022-10-21,22200017,CHA,NOP,0.544578441766122,1
2022-10-21,22200018,IND,SAS,0.4379843974357494,0
2022-10-21,22200019,WAS,CHI,0.44091339780138294,1
2022-10-21,22200020,ATL,ORL,0.826564743047921,1
2022-10-21,22200021,BKN,TOR,0.44514282871527905,0
2022-10-21,22200022,MIA,BOS,0.49157751560300367,1
2022-10-21,22200023,NYK,DET,0.6914592224526268,1
2022-10-21,22200024,HOU,MEM,0.12403232529920012,0
2022-10-21,22200025,MIN,UTA,0.4620593812434411,1
2022-10-21,22200026,GSW,DEN,0.569442855704365,0
2022-10-21,22200027,POR,PHX,0.16038834524831563,0
2022-10-22,22200028,PHI,SAS,0.805988997070729,1
2022-10-22,22200029,IND,DET,0.49893850275534785,0
2022-10-22,22200030,ORL,BOS,0.18445297498967642,1
2022-10-22,22200031,MIA,TOR,0.5608833744007136,0
2022-10-22,22200032,CHI,CLE,0.5160279437097783,1
2022-10-22,22200033,MIL,HOU,0.9283031662865733,1
2022-10-22,22200034,DAL,MEM,0.6241970044537832,0
2022-10-22,22200035,DEN,OKC,0.7617454343230531,0
2022-10-22,22200036,SAC,LAC,0.29381633518537364,0
2022-10-23,22200037,LAL,POR,0.6593090434522968,1
2022-10-23,22200038,ATL,CHA,0.605470384007079,1
2022-10-23,22200039,CLE,WAS,0.5395533768920726,0
2022-10-23,22200040,NOP,UTA,0.44082029931824096,1
2022-10-23,22200041,OKC,MIN,0.22266217585187204,1
2022-10-23,22200042,GSW,SAC,0.8114342367388927,1
2022-10-23,22200043,LAC,PHX,0.3723393850371972,1
2022-10-24,22200044,PHI,IND,0.8434764094855352,0
2022-10-24,22200045,MIA,TOR,0.5185451942648184,1
2022-10-24,22200046,NYK,ORL,0.7302354133355164,1
2022-10-24,22200047,CHI,BOS,0.36849781405512033,1
2022-10-24,22200048,HOU,UTA,0.1770139981318306,0
2022-10-24,22200049,MEM,BKN,0.6987635383787334,1
2022-10-24,22200050,MIN,SAS,0.5809665228440956,1
2022-10-24,22200051,POR,DEN,0.23323224015360103,0
2022-10-25,22200052,WAS,DET,0.6266116217424266,0
2022-10-25,22200053,NOP,DAL,0.3291241800683768,0
2022-10-25,22200054,OKC,LAC,0.2450811357557797,0
2022-10-25,22200055,PHX,GSW,0.6574496838425865,1
2022-10-26,22200056,CLE,ORL,0.7153992068789448,0
2022-10-26,22200057,DET,ATL,0.21527938642159147,1
2022-10-26,22200058,NYK,CHA,0.5058490438326317,1
2022-10-26,22200059,TOR,PHI,0.5148428422528014,1
2022-10-26,22200060,MIL,BKN,0.6889015102958457,1
2022-10-26,22200061,CHI,IND,0.7910069591648393,1
2022-10-26,22200062,MIN,SAS,0.6128642386641433,1
2022-10-26,22200063,UTA,HOU,0.8826757097454604,1
2022-10-26,22200064,DEN,LAL,0.7034730951165229,1
2022-10-26,22200065,POR,MIA,0.3343488677630276,1
2022-10-27,22200066,BKN,DAL,0.2602053622366691,0
2022-10-27,22200067,OKC,LAC,0.32460152154752125,1
2022-10-27,22200068,GSW,MIA,0.564783071211379,0
2022-10-27,22200069,SAC,MEM,0.2458649218914909,1
2022-10-28,22200070,DET,ATL,0.2515200459217503,0
2022-10-28,22200071,ORL,CHA,0.31394934262120056,0
2022-10-28,22200072,BOS,CLE,0.7362439526206154,1
2022-10-28,22200073,TOR,PHI,0.5651606922114665,1
2022-10-28,22200074,WAS,IND,0.6880806218236154,0
2022-10-28,22200075,MIL,NYK,0.735621984570859,1
2022-10-28,22200076,MIN,LAL,0.7375171410090948,1
2022-10-28,22200077,SAS,CHI,0.44579494797542035,0
2022-10-28,22200078,DEN,UTA,0.4947850236615901,1
2022-10-28,22200079,PHX,NOP,0.7352456985864395,1
2022-10-28,22200080,POR,HOU,0.7126389937107895,1
2022-10-29,22200081,SAC,MIA,0.26244127802121314,0
2022-10-29,22200082,CHA,GSW,0.3803403906082107,0
2022-10-29,22200083,BKN,IND,0.793144797710704,1
2022-10-29,22200084,CHI,PHI,0.4505455461815357,1
2022-10-29,22200085,MIL,ATL,0.671621951434082,1
2022-10-29,22200086,DAL,OKC,0.8453439369720985,1
2022-10-29,22200087,UTA,MEM,0.44162485017739267,0
2022-10-30,22200088,LAC,NOP,0.54273032333625,0
2022-10-30,22200089,BOS,WAS,0.7896256769270352,0
2022-10-30,22200090,CLE,NYK,0.5551985622828138,1
2022-10-30,22200091,DET,GSW,0.318308972735034,1
2022-10-30,22200092,SAS,MIN,0.4289190375424175,0
2022-10-30,22200093,DAL,ORL,0.8146613200107077,1
2022-10-30,22200094,PHX,HOU,0.9089414387074672,1
2022-10-30,22200095,LAL,DEN,0.31917287616944995,0
2022-10-31,22200096,CHA,SAC,0.6842001617895731,1
2022-10-31,22200097,WAS,PHI,0.20268998835465668,0
2022-10-31,22200098,BKN,IND,0.6762977305764347,1
2022-10-31,22200099,TOR,ATL,0.6587787920145256,1
2022-10-31,22200100,MIL,DET,0.8935599357044121,1
2022-10-31,22200101,UTA,MEM,0.5271783031238476,1
2022-10-31,22200102,LAC,HOU,0.7669697648262087,1
2022-11-01,22200103,BKN,CHI,0.42957356384109363,1
2022-11-01,22200104,MIA,GSW,0.6331196434053368,1
2022-11-01,22200105,OKC,ORL,0.6395756760340808,0
2022-11-01,22200106,PHX,MIN,0.6989255310575991,1
2022-11-02,22200107,CLE,BOS,0.35827059251180554,0
2022-11-02,22200108,PHI,WAS,0.808559425843738,1
2022-11-02,22200109,MIA,SAC,0.7516700158111275,1
2022-11-02,22200110,NYK,ATL,0.5159004866553476,1
2022-11-02,22200111,CHI,CHA,0.5736764671289467,1
2022-11-02,22200112,HOU,LAC,0.29291633501354125,1
2022-11-02,22200113,MIL,DET,0.8729976938630456,0
2022-11-02,22200114,SAS,TOR,0.3869906924533636,0
2022-11-02,22200115,DAL,UTA,0.6128841192010669,0
2022-11-02,22200116,POR,MEM,0.35749380001564973,0
2022-11-02,22200117,LAL,NOP,0.37213859926239307,0
2022-11-03,22200118,ORL,GSW,0.27608241401421757,1
2022-11-03,22200119,OKC,DEN,0.3179161482283595,0
2022-11-04,22200120,DET,CLE,0.33196769677671073,0
2022-11-04,22200121,IND,MIA,0.25832944680311415,0
2022-11-04,22200122,PHI,NYK,0.711642677575217,0
2022-11-04,22200123,WAS,BKN,0.4886614390895531,1
2022-11-04,22200124,BOS,CHI,0.669576247076359,1
2022-11-04,22200125,MEM,CHA,0.6917865416883353,1
2022-11-04,22200126,SAS,LAC,0.5272586954147406,1
2022-11-04,22200127,DAL,TOR,0.5179559786693843,0
2022-11-04,22200128,NOP,GSW,0.607502970720859,0
2022-11-04,22200129,MIN,MIL,0.3986515409434298,1
2022-11-04,22200130,PHX,POR,0.8673555088685494,1
2022-11-04,22200131,LAL,UTA,0.33675196568440446,0
2022-11-05,22200132,ORL,SAC,0.5029492246028745,1
2022-11-05,22200133,CHA,BKN,0.5304989444558535,1
2022-11-05,22200134,ATL,NOP,0.5849088076685771,1
2022-11-05,22200135,NYK,BOS,0.3519794627639508,0
2022-11-05,22200136,MIL,OKC,0.8172614239335174,1
2022-11-05,22200137,MIN,HOU,0.7546297456071563,1
2022-11-05,22200138,DEN,SAS,0.7437914000077713,1
2022-11-05,22200139,PHX,POR,0.8686970753525688,1
2022-11-06,22200140,LAL,CLE,0.4528361507455849,0
2022-11-06,22200141,TOR,CHI,0.7146560517631928,0
2022-11-06,22200142,MEM,WAS,0.773974927998369,1
2022-11-06,22200143,LAC,UTA,0.4555530754521787,0
2022-11-07,22200144,CHA,WAS,0.7122251246541748,1
2022-11-07,22200145,ORL,HOU,0.6005950202718264,1
2022-11-07,22200146,DET,OKC,0.5171053835524546,1
2022-11-07,22200147,IND,NOP,0.34752270847654143,0
2022-11-07,22200148,PHI,PHX,0.37146066526097843,0
2022-11-07,22200149,ATL,MIL,0.318726664523821,1
2022-11-07,22200150,MIA,POR,0.7919369084179344,1
2022-11-07,22200151,CHI,TOR,0.3420927946709168,0
2022-11-07,22200152,MEM,BOS,0.4690201994164921,1
2022-11-07,22200153,MIN,NYK,0.6138116613370195,1
2022-11-07,22200154,SAS,DEN,0.35051509316667817,0
2022-11-07,22200155,DAL,BKN,0.6775276960665819,0
2022-11-07,22200156,GSW,SAC,0.7238434649220576,1
2022-11-07,22200157,UTA,LAL,0.8001644904130621,1
2022-11-07,22200158,LAC,CLE,0.5094149816184317,0
2022-11-09,22200159,CHA,POR,0.6995542900576449,1
2022-11-09,22200160,IND,DEN,0.30446858818098455,0
2022-11-09,22200161,ORL,DAL,0.20084348994725792,0
2022-11-09,22200162,ATL,UTA,0.4487284829784928,0
2022-11-09,22200163,BOS,DET,0.8657039063611697,1
2022-11-09,22200164,BKN,NYK,0.575857597314877,1
2022-11-09,22200165,TOR,HOU,0.8729064728680881,1
2022-11-09,22200166,CHI,NOP,0.5585740134329581,0
2022-11-09,22200167,MIN,PHX,0.306526935450318,0
2022-11-09,22200168,OKC,MIL,0.18172505837671843,0
2022-11-09,22200169,SAS,MEM,0.3403656839621531,1
2022-11-09,22200170,LAC,LAL,0.7144467419391966,1
2022-11-09,22200171,SAC,CLE,0.33047326072221567,0
2022-11-10,22200172,WAS,DAL,0.36601519588053755,1
2022-11-10,22200173,ATL,PHI,0.40612875448692154,0
2022-11-10,22200174,MIA,CHA,0.6814155686765996,1
2022-11-10,22200175,NOP,POR,0.7302858561296195,1
2022-11-11,22200176,BOS,DEN,0.5790898979779135,1
2022-11-11,22200177,ORL,PHX,0.14349782592024315,0
2022-11-11,22200178,NYK,DET,0.7318700086926945,1
2022-11-11,22200179,OKC,TOR,0.21360455371488066,0
2022-11-11,22200180,SAS,MIL,0.26269502503682696,1
2022-11-11,22200181,MEM,MIN,0.7140470407589125,1
2022-11-11,22200182,GSW,CLE,0.5425004924765007,1
2022-11-11,22200183,LAL,SAC,0.47676593945732443,0
2022-11-12,22200184,LAC,BKN,0.5204120966426261,0
2022-11-12,22200185,WAS,UTA,0.31739767879665964,1
2022-11-12,22200186,DET,BOS,0.2079120237651204,0
2022-11-12,22200187,IND,TOR,0.32846476182990586,0
2022-11-12,22200188,PHI,ATL,0.5790380878897922,1
2022-11-12,22200189,MIA,CHA,0.6717587442961843,1
2022-11-12,22200190,DAL,POR,0.7952905564310494,1
2022-11-12,22200191,NOP,HOU,0.739199887054639,1
2022-11-13,22200192,NYK,OKC,0.7070714173329586,0
2022-11-13,22200193,CLE,MIN,0.5779239096250782,0
2022-11-13,22200194,WAS,MEM,0.2481132661744238,0
2022-11-13,22200195,PHI,UTA,0.5469472939218653,1
2022-11-13,22200196,CHI,DEN,0.41213196816960146,1
2022-11-13,22200197,SAC,GSW,0.463672648967277,0
2022-11-13,22200198,LAL,BKN,0.3669867800593546,0
2022-11-14,22200199,DET,TOR,0.24047686650814432,0
2022-11-14,22200200,ORL,CHA,0.44392762752025045,0
2022-11-14,22200201,BOS,OKC,0.8762026603250748,1
2022-11-14,22200202,MIA,PHX,0.3963180913804073,1
2022-11-14,22200203,HOU,LAC,0.3447198018539865,1
2022-11-14,22200204,MIL,ATL,0.663062198378724,0
2022-11-14,22200205,GSW,SAS,0.4939369746559449,0
2022-11-15,22200206,NOP,MEM,0.4570225602497972,1
2022-11-15,22200207,DAL,LAC,0.7481948419077342,1
2022-11-15,22200208,UTA,NYK,0.6413297571271869,0
2022-11-15,22200209,POR,SAS,0.5721413161420673,1
2022-11-15,22200210,SAC,BKN,0.4145745014400727,1
2022-11-16,22200211,CHA,IND,0.6045687201063102,1
2022-11-16,22200212,ORL,MIN,0.29985201136381884,0
2022-11-16,22200213,WAS,OKC,0.679597444849656,1
2022-11-16,22200214,ATL,BOS,0.3967467095520285,1
2022-11-16,22200215,TOR,MIA,0.5768910594534914,0
2022-11-16,22200216,MIL,CLE,0.6968129313243085,1
2022-11-16,22200217,NOP,CHI,0.5395224831756139,1
2022-11-16,22200218,DAL,HOU,0.8275181588956915,1
2022-11-16,22200219,DEN,NYK,0.7416880124465655,1
2022-11-16,22200220,PHX,GSW,0.7367405104941028,0
2022-11-17,22200221,POR,BKN,0.46591953574657985,0
2022-11-17,22200222,SAC,SAS,0.5978906039928819,1
2022-11-17,22200223,LAC,DET,0.7500633963468676,1
2022-11-18,22200224,WAS,MIA,0.4259643703719351,1
2022-11-18,22200225,CLE,CHA,0.627752074943435,1
2022-11-18,22200226,PHI,MIL,0.575908815377626,1
2022-11-18,22200227,CHI,ORL,0.736460394906213,0
2022-11-18,22200228,HOU,IND,0.44003523539359707,1
2022-11-18,22200229,MEM,OKC,0.8090841383894514,0
2022-11-18,22200230,DAL,DEN,0.5898232218449733,0
2022-11-18,22200231,NOP,BOS,0.36973824174717035,0
2022-11-18,22200232,UTA,PHX,0.4021272447583011,0
2022-11-18,22200233,GSW,NYK,0.5407395156435489,0
2022-11-18,22200234,LAL,DET,0.6232298550362829,1
2022-11-19,22200235,ATL,TOR,0.4432125068908434,1
2022-11-19,22200236,IND,ORL,0.7129400239690319,0
2022-11-19,22200237,PHI,MIN,0.5716505923125957,1
2022-11-19,22200238,POR,UTA,0.4907475891141046,1
2022-11-19,22200239,LAC,SAS,0.6618371364374676,1
2022-11-20,22200240,PHX,NYK,0.713989414752277,1
2022-11-20,22200241,WAS,CHA,0.6444586871112619,0
2022-11-20,22200242,SAC,DET,0.746569305342681,0
2022-11-20,22200243,BKN,MEM,0.4290736559972472,0
2022-11-20,22200244,CLE,MIA,0.45197592226968986,1
2022-11-20,22200245,HOU,GSW,0.299779641959571,1
2022-11-20,22200246,DAL,DEN,0.6439712989800405,0
2022-11-20,22200247,LAL,SAS,0.5660453132985916,1
2022-11-21,22200248,CLE,ATL,0.42862915553014963,0
2022-11-21,22200249,IND,ORL,0.6669638561584185,0
2022-11-21,22200250,CHI,BOS,0.24364741677629104,0
2022-11-21,22200251,MIL,POR,0.7160155384594395,1
2022-11-21,22200252,MIN,MIA,0.6306609853077567,1
2022-11-21,22200253,NOP,GSW,0.5876536813750524,0
2022-11-21,22200254,OKC,NYK,0.3593113797012398,1
2022-11-21,22200255,LAC,UTA,0.5094630561023267,1
2022-11-22,22200256,PHI,BKN,0.6838243807627395,1
2022-11-22,22200257,MEM,SAC,0.7231867523802394,0
2022-11-22,22200258,DEN,DET,0.8244038946853238,1
2022-11-22,22200259,PHX,LAL,0.8517612271635262,1
2022-11-23,22200260,CHA,PHI,0.36345392537038307,1
2022-11-23,22200261,CLE,POR,0.6275180401279581,1
2022-11-23,22200262,IND,MIN,0.409622909963907,0
2022-11-23,22200263,ATL,SAC,0.6757463923826474,1
2022-11-23,22200264,BOS,DAL,0.6648667881546919,1
2022-11-23,22200265,MIA,WAS,0.6072358660166113,0
2022-11-23,22200266,TOR,BKN,0.735534821318559,0
2022-11-23,22200267,MIL,CHI,0.7458040389119859,1
2022-11-23,22200268,OKC,DEN,0.32239301349318844,0
2022-11-23,22200269,SAS,NOP,0.35244882287206375,0
2022-11-23,22200270,UTA,DET,0.871584943849262,1
2022-11-23,22200271,GSW,LAC,0.5755865633899342,0
2022-11-25,22200272,CHA,MIN,0.3755704461422923,0
2022-11-25,22200273,ORL,PHI,0.22541385448014653,0
2022-11-25,22200274,NYK,POR,0.670479706792793,0
2022-11-25,22200275,BOS,SAC,0.7803887004236567,1
2022-11-25,22200276,IND,BKN,0.4696449489961863,0
2022-11-25,22200277,MIA,WAS,0.6366965588404208,0
2022-11-25,22200278,HOU,ATL,0.27059940487862,0
2022-11-25,22200279,MEM,NOP,0.6195466637448922,0
2022-11-25,22200280,MIL,CLE,0.6647833322121159,0
2022-11-25,22200281,OKC,CHI,0.3344277005257037,0
2022-11-25,22200282,SAS,LAL,0.5288751356303134,1
2022-11-25,22200283,PHX,DET,0.9010416538970965,1
2022-11-25,22200284,GSW,UTA,0.512723779854294,1
2022-11-25,22200285,LAC,DEN,0.472406165723325,0
2022-11-26,22200286,TOR,DAL,0.5769452730167727,1
2022-11-26,22200287,HOU,OKC,0.5585298448858386,1
2022-11-26,22200288,SAS,LAL,0.5073110901661311,0
2022-11-26,22200289,PHX,UTA,0.693923377788114,1
2022-11-27,22200290,BKN,POR,0.6176837129298732,1
2022-11-27,22200291,MIN,GSW,0.5566110150614779,1
2022-11-27,22200292,LAC,IND,0.5230363082801562,1
2022-11-27,22200293,ATL,MIA,0.5544459622545226,0
2022-11-27,22200294,BOS,WAS,0.7923432225276,1
2022-11-27,22200295,DET,CLE,0.28906339144154924,1
2022-11-27,22200296,NYK,MEM,0.3931613274151529,0
2022-11-27,22200297,ORL,PHI,0.23003789105569222,0
2022-11-27,22200298,MIL,DAL,0.6812710963643444,1
2022-11-28,22200299,PHI,ATL,0.6692306636192302,1
2022-11-28,22200300,WAS,MIN,0.4684179528707729,1
2022-11-28,22200301,BOS,CHA,0.7734747405246983,1
2022-11-28,22200302,BKN,ORL,0.7533481906246874,1
2022-11-28,22200303,TOR,CLE,0.700724445524532,1
2022-11-28,22200304,NOP,OKC,0.7944565497856863,1
2022-11-28,22200305,DEN,HOU,0.7754249586714175,1
2022-11-28,22200306,UTA,CHI,0.6843102838380388,0
2022-11-28,22200307,SAC,PHX,0.2737681956061471,0
2022-11-28,22200308,LAL,IND,0.6253785167072493,1
2022-11-29,22200309,DET,NYK,0.3121847440473797,0
2022-11-29,22200310,DAL,GSW,0.5147466471894625,1
2022-11-29,22200311,POR,LAC,0.473226754792522,1
2022-11-30,22200312,CLE,PHI,0.4094583055265098,1
2022-11-30,22200313,ORL,ATL,0.2819366921395378,1
2022-11-30,22200314,BOS,MIA,0.6998878394796895,0
2022-11-30,22200315,BKN,WAS,0.5877716931876298,0
2022-11-30,22200316,NYK,MIL,0.3168897351818187,0
2022-11-30,22200317,MIN,MEM,0.42001746323992073,1
2022-11-30,22200318,NOP,TOR,0.576406920893326,1
2022-11-30,22200319,OKC,SAS,0.5303528755922118,1
2022-11-30,22200320,DEN,HOU,0.8002292143945517,1
2022-11-30,22200321,PHX,CHI,0.7418314753341526,1
2022-11-30,22200322,UTA,LAC,0.7277104775057183,1
2022-11-30,22200323,SAC,IND,0.5233990968297746,0
2022-11-30,22200324,LAL,POR,0.7006521822234532,1
2022-12-01,22200325,DET,DAL,0.26287689078188514,0
2022-12-02,22200326,CHA,WAS,0.4841072557148948,0
2022-12-02,22200327,ATL,DEN,0.486862172964471,0
2022-12-02,22200328,BOS,MIA,0.7369239352120827,1
2022-12-02,22200329,BKN,TOR,0.4513304103330053,1
2022-12-02,22200330,CLE,ORL,0.8127633376850357,1
2022-12-02,22200331,MIL,LAL,0.7461717542031512,1
2022-12-02,22200332,MEM,PHI,0.5441181412377408,0
2022-12-02,22200333,SAS,NOP,0.2788631177788169,1
2022-12-02,22200334,PHX,HOU,0.8529884257260503,1
2022-12-02,22200335,UTA,IND,0.7015007680811922,1
2022-12-02,22200336,GSW,CHI,0.6272716839534563,1
2022-12-03,22200337,NYK,DAL,0.4972913745141881,0
2022-12-03,22200338,LAC,SAC,0.600891457630517,0
2022-12-03,22200339,CHA,MIL,0.33437630269083607,0
2022-12-03,22200340,TOR,ORL,0.8251960295340284,1
2022-12-03,22200341,MIN,OKC,0.7163368446661338,1
2022-12-03,22200342,GSW,HOU,0.7954912334090356,1
2022-12-03,22200343,UTA,POR,0.7036696156884541,1
2022-12-04,22200344,NOP,DEN,0.5736693957004687,1
2022-12-04,22200345,SAS,PHX,0.22836030702787166,0
2022-12-04,22200346,BKN,BOS,0.27728228985254383,0
2022-12-04,22200347,DET,MEM,0.20663276094014885,0
2022-12-04,22200348,NYK,CLE,0.3915715939224901,1
2022-12-04,22200349,WAS,LAL,0.5865563181428283,1
2022-12-04,22200350,SAC,CHI,0.4877451830122645,0
2022-12-04,22200351,POR,IND,0.458268907333167,0
2022-12-05,22200352,CHA,LAC,0.4812791011941995,0
2022-12-05,22200353,ORL,MIL,0.19459394199432328,0
2022-12-05,22200354,ATL,OKC,0.7332292262448282,1
2022-12-05,22200355,TOR,BOS,0.39674107363349775,1
2022-12-05,22200356,HOU,PHI,0.2306513594539191,0
2022-12-05,22200357,MEM,MIA,0.5537445745501239,1
2022-12-05,22200358,DAL,PHX,0.48794637170594646,0
2022-12-05,22200359,GSW,IND,0.8115854656755309,0
2022-12-06,22200360,CLE,LAL,0.6375242651260556,1
2022-12-06,22200361,MIA,DET,0.7504614122211368,1
2022-12-06,22200362,DEN,DAL,0.6089301124926706,0
2022-12-07,22200363,ORL,LAC,0.2814844624761069,0
2022-12-07,22200364,BKN,CHA,0.6179956983117043,1
2022-12-07,22200365,NYK,ATL,0.4805345825791756,0
2022-12-07,22200366,TOR,LAL,0.7406575661298799,1
2022-12-07,22200367,CHI,WAS,0.5459143695988196,0
2022-12-07,22200368,MEM,OKC,0.769502806310057,0
2022-12-07,22200369,MIL,SAC,0.6951657511773465,1
2022-12-07,22200370,MIN,IND,0.6988963819200085,1
2022-12-07,22200371,NOP,DET,0.8745106407419468,1
2022-12-07,22200372,UTA,GSW,0.540636857011932,1
2022-12-07,22200373,PHX,BOS,0.41983877132981856,1
2022-12-08,22200374,MIA,LAC,0.6660740379409662,0
2022-12-08,22200375,SAS,HOU,0.5829222958317409,1
2022-12-08,22200376,POR,DEN,0.39109818878397035,1
2022-12-09,22200377,CHA,NYK,0.4480168970845434,0
2022-12-09,22200378,IND,WAS,0.4862984817329922,1
2022-12-09,22200379,ORL,TOR,0.27858370911783314,0
2022-12-09,22200380,BKN,ATL,0.5216487318241726,1
2022-12-09,22200381,CLE,SAC,0.5970854330364466,1
2022-12-09,22200382,PHI,LAL,0.7329643622241615,1
2022-12-09,22200383,MEM,DET,0.8523466398227088,1
2022-12-09,22200384,NOP,PHX,0.5447747801191261,0
2022-12-09,22200385,UTA,MIN,0.5667122367945998,0
2022-12-09,22200386,DAL,MIL,0.5244736454000294,0
2022-12-10,22200387,MIA,SAS,0.77940070092058,1
2022-12-10,22200388,IND,BKN,0.439826765921274,1
2022-12-10,22200389,WAS,LAC,0.4183705027793726,0
2022-12-10,22200390,CLE,OKC,0.5769601512952185,0
2022-12-10,22200391,CHI,DAL,0.42931780490813454,0
2022-12-10,22200392,GSW,BOS,0.3100600192874135,0
2022-12-10,22200393,DEN,UTA,0.6557555203726191,1
2022-12-10,22200394,POR,MIN,0.44627810676247875,0
2022-12-11,22200395,NOP,PHX,0.5349599528788522,1
2022-12-11,22200396,DET,LAL,0.44239801984874894,0
2022-12-11,22200397,NYK,SAC,0.5630057112949985,0
2022-12-11,22200398,ORL,TOR,0.28640228737192525,0
2022-12-11,22200399,PHI,CHA,0.7104980964102929,0
2022-12-11,22200400,ATL,CHI,0.6583559236545918,0
2022-12-11,22200401,HOU,MIL,0.19593051663789948,1
2022-12-12,22200402,IND,MIA,0.4188048935732703,0
2022-12-12,22200403,WAS,BKN,0.4630539388281936,0
2022-12-12,22200404,MEM,ATL,0.786271043499167,0
2022-12-12,22200405,DAL,OKC,0.7755781531838442,1
2022-12-12,22200406,SAS,CLE,0.37711175406109365,0
2022-12-12,22200407,POR,MIN,0.4213109792742629,1
2022-12-12,22200408,LAC,BOS,0.2947462125075275,1
2022-12-13,22200409,PHI,SAC,0.6670782237253082,0
2022-12-13,22200410,MIL,GSW,0.6307645942497851,1
2022-12-13,22200411,HOU,PHX,0.23521552993969777,0
2022-12-13,22200412,UTA,NOP,0.4578524684386366,0
2022-12-13,22200413,LAL,BOS,0.3023841634058314,0
2022-12-14,22200414,CHA,DET,0.6726928737640893,1
2022-12-14,22200415,IND,GSW,0.4481536073830891,0
2022-12-14,22200416,ORL,ATL,0.3752882643362666,0
2022-12-14,22200417,TOR,SAC,0.7388729456611969,1
2022-12-14,22200418,CHI,NYK,0.47589981735125214,1
2022-12-14,22200419,OKC,MIA,0.37534323716293416,0
2022-12-14,22200420,SAS,POR,0.4006236505810984,0
2022-12-14,22200421,DAL,CLE,0.6724607184507018,0
2022-12-14,22200422,DEN,WAS,0.7098488151295809,0
2022-12-14,22200423,LAC,MIN,0.5255378043437025,1
2022-12-15,22200424,HOU,MIA,0.4078107204228694,0
2022-12-15,22200425,MEM,MIL,0.5430736817429808,1
2022-12-15,22200426,UTA,NOP,0.4839784557527271,0
2022-12-15,22200427,LAC,PHX,0.3915836835061073,0
2022-12-16,22200428,CHA,ATL,0.4819059290504859,0
2022-12-16,22200429,DET,SAC,0.3787478439244441,1
2022-12-16,22200430,BOS,ORL,0.8491024992279304,1
2022-12-16,22200431,CLE,IND,0.6527425612910505,1
2022-12-16,22200432,PHI,GSW,0.6295350377634121,0
2022-12-16,22200433,TOR,BKN,0.5693458247632641,0
2022-12-16,22200434,CHI,NYK,0.4626681297630925,1
2022-12-16,22200435,OKC,MIN,0.39150439649062657,1
2022-12-16,22200436,DAL,POR,0.6440174421727006,0
2022-12-16,22200437,LAL,DEN,0.3856233651089351,1
2022-12-17,22200438,LAC,WAS,0.6911515435691362,0
2022-12-17,22200439,SAS,MIA,0.307667303008595,0
2022-12-17,22200440,CLE,DAL,0.5143683195336722,1
2022-12-17,22200441,HOU,POR,0.526290118617082,1
2022-12-17,22200442,MIL,UTA,0.6470555457977712,0
2022-12-17,22200443,OKC,MEM,0.19473587235554365,0
2022-12-17,22200444,PHX,NOP,0.6198120696131785,1
2022-12-18,22200445,BOS,ORL,0.8462739782981517,1
2022-12-18,22200446,IND,NYK,0.35576098023449343,0
2022-12-18,22200447,DET,BKN,0.28971417505547997,0
2022-12-18,22200448,TOR,GSW,0.5538807560265692,0
2022-12-18,22200449,MIN,CHI,0.652376125082793,1
2022-12-18,22200450,DEN,CHA,0.7548945894512289,1
2022-12-18,22200451,LAL,WAS,0.7023172990623067,0
2022-12-19,22200452,CLE,UTA,0.5426360604782057,0
2022-12-19,22200453,PHI,TOR,0.7468502255800733,1
2022-12-19,22200454,ATL,ORL,0.7390915958963843,0
2022-12-19,22200455,HOU,SAS,0.5618682093810937,1
2022-12-19,22200456,MIN,DAL,0.4641990798986621,0
2022-12-19,22200457,NOP,MIL,0.44669643769611667,1
2022-12-19,22200458,OKC,POR,0.47244940031730065,1
2022-12-19,22200459,PHX,LAL,0.8189246103790684,1
2022-12-19,22200460,SAC,CHA,0.6886640361884855,1
2022-12-20,22200461,DET,UTA,0.4020602910389769,1
2022-12-20,22200462,MIA,CHI,0.7036400668419069,1
2022-12-20,22200463,NYK,GSW,0.59814123201883,0
2022-12-20,22200464,PHX,WAS,0.8022872221286527,1
2022-12-20,22200465,DEN,MEM,0.4479368587395918,0
2022-12-21,22200466,CLE,MIL,0.3949140238040251,1
2022-12-21,22200467,PHI,DET,0.8726068616795613,1
2022-12-21,22200468,ATL,CHI,0.6525468348534018,0
2022-12-21,22200469,BOS,IND,0.8118492267961037,1
2022-12-21,22200470,BKN,GSW,0.6547832632456195,0
2022-12-21,22200471,NYK,TOR,0.6250747837096184,1
2022-12-21,22200472,HOU,ORL,0.5524427715118811,0
2022-12-21,22200473,MIN,DAL,0.5269315135138802,1
2022-12-21,22200474,OKC,POR,0.4958464441333519,0
2022-12-21,22200475,SAC,LAL,0.5600568185675754,1
2022-12-21,22200476,LAC,CHA,0.6862578030563998,0
2022-12-22,22200477,NOP,SAS,0.7158557645934539,1
2022-12-22,22200478,UTA,WAS,0.7155765696634333,1
2022-12-23,22200479,ORL,SAS,0.666562121770656,0
2022-12-23,22200480,PHI,LAC,0.6651180151218387,1
2022-12-23,22200481,ATL,DET,0.7404588490331662,1
2022-12-23,22200482,BOS,MIN,0.7150887005455292,1
2022-12-23,22200483,BKN,MIL,0.4404790897994782,0
2022-12-23,22200484,CLE,TOR,0.6052999102434904,0
2022-12-23,22200485,NYK,CHI,0.6881459445185851,1
2022-12-23,22200486,MIA,IND,0.7468345488880306,0
2022-12-23,22200487,HOU,DAL,0.33488303404984276,1
2022-12-23,22200488,OKC,NOP,0.4332510486138342,1
2022-12-23,22200489,DEN,POR,0.725813168924565,0
2022-12-23,22200490,PHX,MEM,0.5691311441420512,0
2022-12-23,22200491,SAC,WAS,0.70684535471234,1
2022-12-23,22200492,LAL,CHA,0.5525440712046482,0
2022-12-25,22200493,NYK,PHI,0.4574011866294326,1
2022-12-25,22200494,DAL,LAL,0.7775631774602637,1
2022-12-25,22200495,BOS,MIL,0.6415579017117563,1
2022-12-25,22200496,GSW,MEM,0.3489729292125057,0
2022-12-25,22200497,DEN,PHX,0.5160594628517764,0
2022-12-26,22200498,CLE,BKN,0.4961587228084238,1
2022-12-26,22200499,DET,LAC,0.30156057527725527,0
2022-12-26,22200500,MIA,MIN,0.6332248783512798,0
2022-12-26,22200501,CHI,HOU,0.6660183769143091,0
2022-12-26,22200502,NOP,IND,0.7261596461822577,1
2022-12-26,22200503,SAS,UTA,0.3784363193307644,1
2022-12-26,22200504,POR,CHA,0.5507031947643183,0
2022-12-27,22200505,ORL,LAL,0.6021188600969146,0
2022-12-27,22200506,WAS,PHI,0.2727710752197027,1
2022-12-27,22200507,BOS,HOU,0.9017520373205831,0
2022-12-27,22200508,IND,ATL,0.37086173829545244,0
2022-12-27,22200509,TOR,LAC,0.5389909045557784,0
2022-12-27,22200510,MEM,PHX,0.6117485790857873,0
2022-12-27,22200511,OKC,SAS,0.6047220665730743,0
2022-12-27,22200512,DAL,NYK,0.6395460987122191,1
2022-12-27,22200513,GSW,CHA,0.7447816924696264,0
2022-12-27,22200514,SAC,DEN,0.40798279374766183,0
2022-12-28,22200515,DET,ORL,0.5239363731578215,1
2022-12-28,22200516,WAS,PHX,0.3191903885397583,1
2022-12-28,22200517,ATL,BKN,0.38608588243672903,1
2022-12-28,22200518,MIA,LAL,0.7720739629574696,0
2022-12-28,22200519,CHI,MIL,0.3446890164308519,0
2022-12-28,22200520,NOP,MIN,0.6828539100318163,1
2022-12-28,22200521,GSW,UTA,0.43610493138330375,0
2022-12-28,22200522,SAC,DEN,0.37165003417545517,0
2022-12-29,22200523,CHA,OKC,0.5338136665434858,0
2022-12-29,22200524,IND,CLE,0.42151858083943927,0
2022-12-29,22200525,BOS,LAC,0.7205669066295395,0
2022-12-29,22200526,TOR,MEM,0.4003622072057645,0
2022-12-29,22200527,SAS,NYK,0.39364605359099664,0
2022-12-29,22200528,DAL,HOU,0.797897914672928,1
2022-12-30,22200529,ORL,WAS,0.5038083889705103,1
2022-12-30,22200530,ATL,LAL,0.6534438647956338,0
2022-12-30,22200531,TOR,PHX,0.4424378347949574,0
2022-12-30,22200532,CHI,DET,0.7071325209116663,0
2022-12-30,22200533,MIL,MIN,0.7184770578553638,0
2022-12-30,22200534,NOP,PHI,0.548413931449169,0
2022-12-30,22200535,DEN,MIA,0.573543822486675,0
2022-12-30,22200536,GSW,POR,0.5983615543322975,0
2022-12-30,22200537,SAC,UTA,0.48807303174368394,0
2022-12-31,22200538,IND,LAC,0.3724886880960132,1
2022-12-31,22200539,CHA,BKN,0.3727714596509586,0
2022-12-31,22200540,CHI,CLE,0.3978093668097263,1
2022-12-31,22200541,HOU,NYK,0.3822819467520888,0
2022-12-31,22200542,SAS,DAL,0.31385354286112976,0
2022-12-31,22200543,MEM,NOP,0.6356654819637126,1
2022-12-31,22200544,MIN,DET,0.6857321174789889,1
2022-12-31,22200545,OKC,PHI,0.3774769740719974,0
2022-12-31,22200546,UTA,MIA,0.495489850275598,1
2023-01-01,22200547,MEM,SAC,0.6727976840835341,1
2023-01-01,22200548,MIL,WAS,0.7242031462382312,1
2023-01-01,22200549,DEN,BOS,0.3719566272473691,0
2023-01-02,22200550,NYK,PHX,0.4802903562086636,0
2023-01-02,22200551,CHA,LAL,0.5289350774649799,1
2023-01-02,22200552,CLE,CHI,0.6479438723963636,0
2023-01-02,22200553,IND,TOR,0.43542003170994475,0
2023-01-02,22200554,PHI,NOP,0.5493993781929611,0
2023-01-02,22200555,BKN,SAS,0.795842048021077,0
2023-01-02,22200556,HOU,DAL,0.2804641524164791,0
2023-01-02,22200557,MIN,DEN,0.45554296532216787,1
2023-01-02,22200558,GSW,ATL,0.635459665090103,1
2023-01-02,22200559,POR,DET,0.6525755550479976,0
2023-01-02,22200560,LAC,MIA,0.5719237043990639,0
2023-01-03,22200561,MIL,WAS,0.6776422804482274,0
2023-01-03,22200562,OKC,BOS,0.2149603295176469,1
2023-01-03,22200563,UTA,SAC,0.6219490013224942,1
2023-01-04,22200564,CHA,MEM,0.26524670050104093,1
2023-01-04,22200565,CLE,PHX,0.5403663412871075,1
2023-01-04,22200566,ORL,OKC,0.5676333333772947,0
2023-01-04,22200567,PHI,IND,0.730371863375565,1
2023-01-04,22200568,NYK,SAS,0.7417712060229068,1
2023-01-04,22200569,TOR,MIL,0.5329330122065432,0
2023-01-04,22200570,CHI,BKN,0.40414587313416456,1
2023-01-04,22200571,MIN,POR,0.5513581631140574,1
2023-01-04,22200572,NOP,HOU,0.8250222335373976,1
2023-01-04,22200573,GSW,DET,0.7644335856891649,1
2023-01-04,22200574,LAL,MIA,0.3662934318349921,0
2023-01-04,22200575,SAC,ATL,0.4803344555827091,0
2023-01-05,22200576,ORL,MEM,0.21264243756887838,0
2023-01-05,22200577,DAL,BOS,0.44554685339317446,1
2023-01-05,22200578,HOU,UTA,0.2049646962278416,0
2023-01-05,22200579,DEN,LAC,0.5612276533267514,1
2023-01-06,22200580,IND,POR,0.5563858244802444,1
2023-01-06,22200581,PHI,CHI,0.6739107031828803,1
2023-01-06,22200582,TOR,NYK,0.5485914213839942,0
2023-01-06,22200583,MIL,CHA,0.7742970196826501,1
2023-01-06,22200584,OKC,WAS,0.4302812999864551,1
2023-01-06,22200585,SAS,DET,0.5023527597646887,0
2023-01-06,22200586,NOP,BKN,0.5290912488726119,1
2023-01-06,22200587,MIN,LAC,0.5271944637129483,1
2023-01-06,22200588,DEN,CLE,0.5116069762846795,1
2023-01-06,22200589,PHX,MIA,0.5132166377347989,1
2023-01-06,22200590,LAL,ATL,0.5278959312062493,1
2023-01-07,22200591,SAS,BOS,0.1556092833162594,1
2023-01-07,22200592,CHI,UTA,0.43841035446389975,0
2023-01-07,22200593,DAL,NOP,0.5813277257664025,1
2023-01-07,22200594,GSW,ORL,0.7205516339552829,1
2023-01-07,22200595,SAC,LAL,0.637394486272664,0
2023-01-08,22200596,DET,PHI,0.264708018489079,0
2023-01-08,22200597,TOR,POR,0.6105554239448188,0
2023-01-08,22200598,IND,CHA,0.6035759660805726,1
2023-01-08,22200599,MIA,BKN,0.533993545848837,1
2023-01-08,22200600,MEM,UTA,0.7483839987878037,1
2023-01-08,22200601,HOU,MIN,0.32714129989713897,1
2023-01-08,22200602,OKC,DAL,0.434145065166534,1
2023-01-08,22200603,PHX,CLE,0.5506959762819237,1
2023-01-08,22200604,LAC,ATL,0.6270767575085918,1
2023-01-09,22200605,WAS,NOP,0.47922805552966635,1
2023-01-09,22200606,BOS,CHI,0.686229085122726,1
2023-01-09,22200607,NYK,MIL,0.4349273896687281,1
2023-01-09,22200608,MEM,SAS,0.8357224724772183,1
2023-01-09,22200609,DEN,LAL,0.7294081162323224,1
2023-01-09,22200610,SAC,ORL,0.6115553929012647,0
2023-01-10,22200611,MIA,OKC,0.7088848188187061,1
2023-01-10,22200612,PHI,DET,0.8389747311613572,1
2023-01-10,22200613,TOR,CHA,0.6254435276973681,0
2023-01-10,22200614,UTA,CLE,0.5316702760427057,1
2023-01-10,22200615,GSW,PHX,0.5832784893624731,0
2023-01-10,22200616,POR,ORL,0.6451717373192198,0
2023-01-10,22200617,LAC,DAL,0.5284056365739143,1
2023-01-11,22200618,DET,MIN,0.28145913019244545,1
2023-01-11,22200619,WAS,CHI,0.4988736747289044,0
2023-01-11,22200620,ATL,MIL,0.38381098784545015,0
2023-01-11,22200621,BOS,NOP,0.6525168006107211,1
2023-01-11,22200622,NYK,IND,0.5515446608545005,1
2023-01-11,22200623,MEM,SAS,0.8551540962959749,1
2023-01-11,22200624,DEN,PHX,0.7332703629731403,1
2023-01-11,22200625,SAC,HOU,0.7633069064290264,1
2023-01-12,22200626,PHI,OKC,0.781032208033902,1
2023-01-12,22200627,BKN,BOS,0.5723537332726227,1
2023-01-12,22200628,MIA,MIL,0.5976917148441665,0
2023-01-12,22200629,TOR,CHA,0.6498467324985381,1
2023-01-12,22200630,LAL,DAL,0.4084837015420144,1
2023-01-12,22200631,POR,CLE,0.4043323755406265,0
2023-01-13,22200632,DET,NOP,0.2993837651019468,0
2023-01-13,22200633,IND,ATL,0.5796808841146621,1
2023-01-13,22200634,WAS,NYK,0.4544766460496342,0
2023-01-13,22200635,SAS,GSW,0.32715728514453685,1
2023-01-13,22200636,CHI,OKC,0.6915131161572119,1
2023-01-13,22200637,MIN,PHX,0.4732472240750169,0
2023-01-13,22200638,UTA,ORL,0.6741704530059771,1
2023-01-13,22200639,LAC,DEN,0.3862225334573189,1
2023-01-13,22200640,SAC,HOU,0.7693903033795019,1
2023-01-14,22200641,MIA,MIL,0.5356185257447097,1
2023-01-14,22200642,CHA,BOS,0.24280880436820648,0
2023-01-14,22200643,IND,MEM,0.3384909430306702,1
2023-01-14,22200644,TOR,ATL,0.6888931526931188,1
2023-01-14,22200645,MIN,CLE,0.3832825343862516,1
2023-01-14,22200646,UTA,PHI,0.39073098680777407,0
2023-01-14,22200647,POR,DAL,0.3522255700013812,0
2023-01-15,22200648,DET,NYK,0.2960193457875346,0
2023-01-15,22200649,LAC,HOU,0.7895480535611406,1
2023-01-15,22200650,CHI,GSW,0.4680443871409222,0
2023-01-15,22200651,BKN,OKC,0.7395360275634568,1
2023-01-15,22200652,SAS,SAC,0.30896893751366494,0
2023-01-15,22200653,DEN,ORL,0.827618221065317,1
2023-01-15,22200654,POR,DAL,0.39227747528859214,0
2023-01-15,22200655,LAL,PHI,0.4232679565356469,0
2023-01-16,22200656,CHA,BOS,0.23312362349642662,1
2023-01-16,22200657,MIL,IND,0.7388854661591773,1
2023-01-16,22200658,CLE,NOP,0.542895443738409,1
2023-01-16,22200659,NYK,TOR,0.5105011462281355,0
2023-01-16,22200660,WAS,GSW,0.4933321120442581,0
2023-01-16,22200661,ATL,MIA,0.34404740928853556,0
2023-01-16,22200662,MIN,UTA,0.5414439537212324,0
2023-01-16,22200663,MEM,PHX,0.6842212251762546,1
2023-01-16,22200664,LAL,HOU,0.7263613917007696,1
2023-01-17,22200665,MIL,TOR,0.6703363181135611,1
2023-01-17,22200666,SAS,BKN,0.22034504400414745,1
2023-01-17,22200667,DEN,POR,0.7893732005573056,1
2023-01-17,22200668,LAC,PHI,0.46540045914453654,1
2023-01-18,22200669,NYK,WAS,0.7171252597489611,1
2023-01-18,22200670,DAL,ATL,0.605086975553833,1
2023-01-18,22200671,HOU,CHA,0.38453800984978653,1
2023-01-18,22200672,MEM,CLE,0.6746973078333377,0
2023-01-18,22200673,NOP,MIA,0.41865213016468067,1
2023-01-18,22200674,OKC,IND,0.5511554273962149,1
2023-01-18,22200675,UTA,LAC,0.6462757893084561,1
2023-01-18,22200676,DEN,MIN,0.6782899892128269,0
2023-01-18,22200677,LAL,SAC,0.42863766690408617,1
2023-01-19,22200678,DET,CHI,0.3401969833288352,0
2023-01-19,22200679,BOS,GSW,0.7092870654383774,0
2023-01-19,22200680,MIN,TOR,0.4136713677995649,0
2023-01-19,22200681,PHX,BKN,0.4068471982849129,0
2023-01-19,22200682,POR,PHI,0.32509399522315235,1
2023-01-20,22200683,ORL,NOP,0.43334416966663863,1
2023-01-20,22200684,ATL,NYK,0.4729021892651503,0
2023-01-20,22200685,CLE,GSW,0.6052388043283251,0
2023-01-20,22200686,DAL,MIA,0.3771428282595807,0
2023-01-20,22200687,SAS,LAC,0.4040802262236195,0
2023-01-20,22200688,DEN,IND,0.7657033457029522,1
2023-01-20,22200689,UTA,BKN,0.5611502922681391,0
2023-01-20,22200690,LAL,MEM,0.3071492570991641,1
2023-01-20,22200691,SAC,OKC,0.6066252243109318,1
2023-01-21,22200692,TOR,BOS,0.31213262397772595,0
2023-01-21,22200693,WAS,ORL,0.6485327554098755,1
2023-01-21,22200694,ATL,CHA,0.5970758214068219,1
2023-01-21,22200695,CLE,MIL,0.33306101332204563,1
2023-01-21,22200696,MIN,HOU,0.8465516988095638,1
2023-01-21,22200697,PHX,IND,0.6741779393236622,1
2023-01-21,22200698,SAC,PHI,0.39098671327663753,0
2023-01-22,22200699,MIA,NOP,0.678422097757425,1
2023-01-22,22200700,TOR,NYK,0.4582542645595817,0
2023-01-22,22200701,DAL,LAC,0.6105441175119197,1
2023-01-22,22200702,DEN,OKC,0.7466935566490793,1
2023-01-22,22200703,PHX,MEM,0.30275466322619404,0
2023-01-22,22200704,GSW,BKN,0.5286288278761364,1
2023-01-22,22200705,POR,LAL,0.5074882818495542,1
2023-01-23,22200706,DET,MIL,0.22037426941869664,0
2023-01-23,22200707,ORL,BOS,0.20316012955448676,0
2023-01-23,22200708,CHI,ATL,0.6391066349089353,0
2023-01-23,22200709,HOU,MIN,0.19778200967181364,0
2023-01-23,22200710,UTA,CHA,0.6923737261151115,1
2023-01-23,22200711,POR,SAS,0.5873780845758056,0
2023-01-23,22200712,SAC,MEM,0.4480015112241994,0
2023-01-24,22200713,IND,CHI,0.4815477673324491,1
2023-01-24,22200714,MIA,BOS,0.5120132762306117,1
2023-01-24,22200715,NYK,CLE,0.49055792948406174,1
2023-01-24,22200716,NOP,DEN,0.4105124829927509,0
2023-01-24,22200717,DAL,WAS,0.6183518764824998,0
2023-01-24,22200718,PHX,CHA,0.7328406991579381,0
2023-01-24,22200719,LAL,LAC,0.5228923183443794,1
2023-01-25,22200720,ORL,IND,0.5748655670198579,0
2023-01-25,22200721,PHI,BKN,0.5807334921570306,0
2023-01-25,22200722,HOU,WAS,0.34257302255606803,1
2023-01-25,22200723,MIL,DEN,0.599454690330578,1
2023-01-25,22200724,NOP,MIN,0.4689976228300038,0
2023-01-25,22200725,OKC,ATL,0.5899804317322653,1
2023-01-25,22200726,GSW,MEM,0.4610254866463199,0
2023-01-25,22200727,POR,UTA,0.4297509435683461,1
2023-01-25,22200728,SAC,TOR,0.5544052857202139,0
2023-01-25,22200729,LAL,SAS,0.6609648822612244,1
2023-01-26,22200730,BOS,NYK,0.7348718639997459,1
2023-01-26,22200731,BKN,DET,0.7487257082923213,1
2023-01-26,22200732,CHA,CHI,0.38111406618296995,0
2023-01-26,22200733,HOU,CLE,0.1607391431658852,0
2023-01-26,22200734,PHX,DAL,0.5952993151737007,1
2023-01-26,22200735,LAC,SAS,0.7874482339091035,1
2023-01-27,22200736,IND,MIL,0.35025232955470537,0
2023-01-27,22200737,MIN,MEM,0.4380532135172001,1
2023-01-27,22200738,MIA,ORL,0.7702211374679586,0
2023-01-27,22200739,OKC,CLE,0.47052319365563244,1
2023-01-27,22200740,GSW,TOR,0.5954471269338403,1
2023-01-28,22200741,PHI,DEN,0.6008885054553172,1
2023-01-28,22200742,BKN,NYK,0.5630000992133406,1
2023-01-28,22200743,DET,HOU,0.6601416130062067,0
2023-01-28,22200744,ORL,CHI,0.3565065971260436,0
2023-01-28,22200745,ATL,LAC,0.48782863364306384,1
2023-01-28,22200746,MIN,SAC,0.5035386040433196,0
2023-01-28,22200747,NOP,WAS,0.5693013081675543,1
2023-01-28,22200748,SAS,PHX,0.30343738772714207,0
2023-01-28,22200749,BOS,LAL,0.7292663146561091,0
2023-01-28,22200750,UTA,DAL,0.5441594364301564,0
2023-01-28,22200751,POR,TOR,0.5238723911814246,1
2023-01-29,22200752,CHA,MIA,0.31641640919526637,0
2023-01-29,22200753,MEM,IND,0.73946227088788,1
2023-01-29,22200754,CLE,LAC,0.6418167205049969,1
2023-01-29,22200755,MIL,NOP,0.7457200548647632,1
2023-01-30,22200756,PHI,ORL,0.849731901701354,1
2023-01-30,22200757,BKN,LAL,0.6642243256283883,1
2023-01-30,22200758,MIN,SAC,0.5727070043677109,1
2023-01-30,22200759,OKC,GSW,0.4194922975569903,0
2023-01-30,22200760,SAS,WAS,0.31103301101601966,0
2023-01-30,22200761,DAL,DET,0.7232365466986197,1
2023-01-30,22200762,PHX,TOR,0.6086339968560249,1
2023-01-30,22200763,POR,ATL,0.43808215954095625,1
2023-01-31,22200764,CLE,MIA,0.534194590516178,0
2023-01-31,22200765,NYK,LAL,0.6975423584373258,1
2023-01-31,22200766,CHI,LAC,0.4873850631530766,0
2023-01-31,22200767,MIL,CHA,0.77501299825874,1
2023-01-31,22200768,DEN,NOP,0.7195199784419405,0
2023-02-01,22200770,PHI,ORL,0.796361492344194,1
2023-02-01,22200771,MEM,POR,0.7723128378593143,0
2023-02-01,22200772,BOS,BKN,0.6787108525400405,1
2023-02-01,22200773,HOU,OKC,0.37728162420751477,0
2023-02-01,22200774,MIN,GSW,0.4546939980355167,1
2023-02-01,22200775,SAS,SAC,0.2855521888424396,0
2023-02-01,22200776,UTA,TOR,0.5561449944471382,0
2023-02-01,22200777,PHX,ATL,0.6324253925458513,1
2023-02-02,22200778,IND,LAL,0.5535527112290306,1
2023-02-02,22200779,CLE,MEM,0.5641787154787377,0
2023-02-02,22200780,NYK,MIA,0.41412901326929563,0
2023-02-02,22200781,CHI,CHA,0.627099040224425,0
2023-02-02,22200782,DAL,NOP,0.5850248653305823,0
2023-02-02,22200783,DEN,GSW,0.6980804081174933,1
2023-02-02,22200784,MIL,LAC,0.6509451905834258,1
2023-02-03,22200785,DET,CHA,0.5662446959312778,1
2023-02-03,22200786,IND,SAC,0.3393575468681598,1
2023-02-03,22200787,WAS,POR,0.6462002114894965,0
2023-02-03,22200788,BOS,PHX,0.6845513866569403,1
2023-02-03,22200789,HOU,TOR,0.34384150363439153,0
2023-02-03,22200790,MIN,ORL,0.6291180706698339,1
2023-02-03,22200791,SAS,PHI,0.16070058687688812,0
2023-02-03,22200792,UTA,ATL,0.5921082785345838,1
2023-02-04,22200793,BKN,WAS,0.6867491493056512,1
2023-02-04,22200794,DET,PHX,0.2821386983077183,0
2023-02-04,22200795,NYK,LAC,0.4499418368134965,0
2023-02-04,22200796,CHI,POR,0.6781404352442058,1
2023-02-04,22200797,MIL,MIA,0.6186863302281147,0
2023-02-04,22200798,NOP,LAL,0.563937205137415,0
2023-02-04,22200799,OKC,HOU,0.7740936175015877,1
2023-02-04,22200800,GSW,DAL,0.5798651059098567,0
2023-02-04,22200801,DEN,ATL,0.7234758540247296,0
2023-02-05,22200802,CHA,ORL,0.5428036749293602,0
2023-02-05,22200803,IND,CLE,0.38825863458548876,1
2023-02-05,22200804,NYK,PHI,0.2514433110682842,0
2023-02-05,22200805,MEM,TOR,0.685154763881049,1
2023-02-05,22200806,MIN,DEN,0.378308763458887,0
2023-02-05,22200807,NOP,SAC,0.431190662474251,0
2023-02-06,22200808,DET,BOS,0.1740720635940583,0
2023-02-06,22200809,WAS,CLE,0.5362867062883365,0
2023-02-06,22200810,BKN,LAC,0.5301313402646696,1
2023-02-06,22200811,CHI,SAS,0.8038535140069061,1
2023-02-06,22200812,HOU,SAC,0.34817665026211575,0
2023-02-06,22200813,UTA,DAL,0.5572388667943484,0
2023-02-06,22200814,GSW,OKC,0.6195652806889174,1
2023-02-06,22200815,POR,MIL,0.2936808929185963,0
2023-02-07,22200816,ORL,NYK,0.46242850014762577,0
2023-02-07,22200817,BKN,PHX,0.43370437883460894,0
2023-02-07,22200818,NOP,ATL,0.49502404746706535,0
2023-02-07,22200819,MEM,CHI,0.7237703393491749,1
2023-02-07,22200820,DEN,MIN,0.7689321292513787,1
2023-02-07,22200821,LAL,OKC,0.5511147884156045,1
2023-02-08,22200822,CLE,DET,0.8226782404501666,1
2023-02-08,22200823,WAS,CHA,0.6487663850279359,1
2023-02-08,22200824,BOS,PHI,0.5931473711351127,1
2023-02-08,22200825,MIA,IND,0.7343311586377991,1
2023-02-08,22200826,TOR,SAS,0.819576579784376,1
2023-02-08,22200827,HOU,SAC,0.25153854206003695,0
2023-02-08,22200828,UTA,MIN,0.6697825815027594,1
2023-02-08,22200829,LAC,DAL,0.6211293905941282,1
2023-02-08,22200830,POR,GSW,0.32509491087804016,0
2023-02-09,22200831,ORL,DEN,0.2937556048916169,0
2023-02-09,22200832,ATL,PHX,0.4204821123650585,1
2023-02-09,22200833,BKN,CHI,0.5814569815279204,1
2023-02-09,22200834,LAL,MIL,0.3129341324287948,1
2023-02-10,22200835,DET,SAS,0.6126713135743284,1
2023-02-10,22200836,IND,PHX,0.3488014641406756,0
2023-02-10,22200837,PHI,NYK,0.7023582053489887,1
2023-02-10,22200838,BOS,CHA,0.8424461896592192,0
2023-02-10,22200839,TOR,UTA,0.5993462174014155,1
2023-02-10,22200840,MIA,HOU,0.8724882893527389,1
2023-02-10,22200841,MEM,MIN,0.6998855311353155,1
2023-02-10,22200842,NOP,CLE,0.43923757082900855,1
2023-02-10,22200843,POR,OKC,0.45246353867910444,0
2023-02-10,22200844,SAC,DAL,0.5045327274149864,1
2023-02-10,22200845,LAC,MIL,0.597851543839044,0
2023-02-11,22200846,BKN,PHI,0.4969351770388684,1
2023-02-11,22200847,CHA,DEN,0.21179664314034466,0
2023-02-11,22200848,ORL,MIA,0.4303461658210572,1
2023-02-11,22200849,WAS,IND,0.7268778797116847,0
2023-02-11,22200850,ATL,SAS,0.8610209314930154,1
2023-02-11,22200851,NYK,UTA,0.5594081418262545,0
2023-02-11,22200852,CLE,CHI,0.5970720048418275,1
2023-02-11,22200853,GSW,LAL,0.7220729630524066,0
2023-02-11,22200854,SAC,DAL,0.48308245046578857,1
2023-02-12,22200855,BOS,MEM,0.6453449974547399,0
2023-02-12,22200856,TOR,DET,0.7657226705154241,1
2023-02-13,22200857,CHA,ATL,0.38960384017817856,1
2023-02-13,22200858,CLE,SAS,0.8725821082737337,1
2023-02-13,22200859,IND,UTA,0.47943455930789725,1
2023-02-13,22200860,PHI,HOU,0.9140650834669724,1
2023-02-13,22200861,MIA,DEN,0.5184518604590485,1
2023-02-13,22200862,NYK,BKN,0.48111733481223823,0
2023-02-13,22200863,CHI,ORL,0.6019972193764827,1
2023-02-13,22200864,OKC,NOP,0.5918013833660934,1
2023-02-13,22200865,DAL,MIN,0.6511839480324366,1
2023-02-13,22200866,GSW,WAS,0.5988542614757767,1
2023-02-13,22200867,POR,LAL,0.5413018486080509,0
2023-02-14,22200868,TOR,ORL,0.6287845062673926,1
2023-02-14,22200869,MIL,BOS,0.4669033469068222,1
2023-02-14,22200870,PHX,SAC,0.659663010220159,0
2023-02-14,22200871,LAC,GSW,0.6195687847379573,0
2023-02-14,22200872,POR,WAS,0.4830432814841903,1
2023-02-15,22200873,CHA,SAS,0.6870768658622506,1
2023-02-15,22200874,IND,CHI,0.3917734276581262,0
2023-02-15,22200875,PHI,CLE,0.6298937642980386,1
2023-02-15,22200876,ATL,NYK,0.5561109423529924,1
2023-02-15,22200877,BOS,DET,0.8636203168715447,1
2023-02-15,22200878,BKN,MIA,0.4793747051894552,0
2023-02-15,22200879,MEM,UTA,0.6917288107936611,1
2023-02-15,22200880,OKC,HOU,0.7778410970769941,1
2023-02-15,22200881,DEN,DAL,0.6402522049833592,1
2023-02-15,22200882,LAL,NOP,0.46967664383572333,1
2023-02-16,22200883,CHI,MIL,0.2671530249062039,0
2023-02-16,22200884,MIN,WAS,0.5292383165099643,1
2023-02-16,22200885,PHX,LAC,0.6484463804437895,1
2023-02-23,22200886,CLE,DEN,0.5208984774792867,0
2023-02-23,22200887,IND,BOS,0.20786698459686415,1
2023-02-23,22200888,ORL,DET,0.7258708495256148,1
2023-02-23,22200889,PHI,MEM,0.6419703248613393,1
2023-02-23,22200890,TOR,NOP,0.548557976490907,1
2023-02-23,22200891,DAL,SAS,0.8048931308380712,1
2023-02-23,22200892,UTA,OKC,0.524193795890799,0
2023-02-23,22200893,LAL,GSW,0.41842977097420153,0
2023-02-23,22200894,SAC,POR,0.6559052236783789,0
2023-02-24,22200895,WAS,NYK,0.6033074152668875,1
2023-02-24,22200896,ATL,CLE,0.4964147127707511,0
2023-02-24,22200897,MIL,MIA,0.6346880556276583,1
2023-02-24,22200898,MIN,CHA,0.676227696387553,1
2023-02-24,22200899,PHX,OKC,0.7633934220354647,0
2023-02-24,22200900,CHI,BKN,0.42315920054101,1
2023-02-24,22200901,GSW,HOU,0.7514941058078086,1
2023-02-24,22200902,LAC,SAC,0.6384682052459963,1
2023-02-25,22200903,DET,TOR,0.27199834002154055,1
2023-02-25,22200904,CHA,MIA,0.37932642973001407,1
2023-02-25,22200905,ORL,IND,0.5789404322821137,0
2023-02-25,22200906,NYK,NOP,0.5124000864857831,1
2023-02-25,22200907,MEM,DEN,0.466937566346652,0
2023-02-25,22200908,PHI,BOS,0.4781459163715425,0
2023-02-25,22200909,UTA,SAS,0.773779486115954,1
2023-02-26,22200910,MIL,PHX,0.6302500972698271,1
2023-02-26,22200911,ATL,BKN,0.5220607258960847,1
2023-02-26,22200912,CHI,WAS,0.5124460484365193,0
2023-02-26,22200913,DAL,LAL,0.6639085781576767,1
2023-02-26,22200914,CLE,TOR,0.711059231476923,1
2023-02-26,22200915,OKC,SAC,0.43362446220344725,1
2023-02-26,22200916,GSW,MIN,0.5902892450477144,1
2023-02-26,22200917,POR,HOU,0.7558479495341481,1
2023-02-26,22200918,DEN,LAC,0.5911231855509759,1
2023-02-27,22200919,CHA,DET,0.7298580684330666,0
2023-02-27,22200920,PHI,MIA,0.6978079084384579,0
2023-02-27,22200921,NYK,BOS,0.32217689414028383,1
2023-02-27,22200922,NOP,ORL,0.594089405275891,0
2023-02-28,22200923,ATL,WAS,0.5569800000094713,1
2023-02-28,22200924,BKN,MIL,0.3482350292550865,0
2023-02-28,22200925,TOR,CHI,0.5450813023737292,0
2023-02-28,22200926,HOU,DEN,0.15649567737904077,0
2023-02-28,22200927,MEM,LAL,0.6695805723103234,1
2023-02-28,22200928,OKC,SAC,0.4172447668507635,1
2023-02-28,22200929,DAL,IND,0.6829226459086367,1
2023-02-28,22200930,UTA,SAS,0.788960120077323,1
2023-02-28,22200931,GSW,POR,0.6522223773217625,1
2023-02-28,22200932,LAC,MIN,0.6092003943520993,1
2023-03-01,22200933,CHA,PHX,0.35698918811114255,0
2023-03-01,22200934,DET,CHI,0.3811680635894834,0
2023-03-01,22200935,BOS,CLE,0.6173320701124692,1
2023-03-01,22200936,MIA,PHI,0.44526960263576715,1
2023-03-01,22200937,NYK,BKN,0.6230132476918349,1
2023-03-01,22200938,HOU,MEM,0.17822969584472248,1
2023-03-01,22200939,MIL,ORL,0.7631891032853879,0
2023-03-01,22200940,OKC,LAL,0.4826936682967763,1
2023-03-01,22200941,POR,NOP,0.4761172598925873,0
2023-03-02,22200942,WAS,TOR,0.5089854401721343,1
2023-03-02,22200943,DAL,PHI,0.4358419645914296,0
2023-03-02,22200944,SAS,IND,0.3328647030131525,0
2023-03-02,22200945,GSW,LAC,0.5374359399176682,0
2023-03-03,22200946,CHA,ORL,0.5399832809390648,1
2023-03-03,22200947,ATL,POR,0.6004529049810445,1
2023-03-03,22200948,BOS,BKN,0.7371920480414857,1
2023-03-03,22200949,MIA,NYK,0.5432475838179008,0
2023-03-03,22200950,CHI,PHX,0.4227871671188652,0
2023-03-03,22200951,OKC,UTA,0.4777136988570668,0
2023-03-03,22200952,DEN,MEM,0.6088408770357956,1
2023-03-03,22200953,GSW,NOP,0.6221060714016219,0
2023-03-03,22200954,SAC,LAC,0.6771022213283036,1
2023-03-03,22200955,LAL,MIN,0.5513114366175301,0
2023-03-04,22200956,WAS,TOR,0.5306694694435269,1
2023-03-04,22200957,CLE,DET,0.8340722315104308,1
2023-03-04,22200958,MIA,ATL,0.6058515202154114,1
2023-03-04,22200959,SAS,HOU,0.5983991025220675,1
2023-03-04,22200960,MIL,PHI,0.6088860223578725,1
2023-03-04,22200961,SAC,MIN,0.5765096901824931,0
2023-03-05,22200962,DAL,PHX,0.4691625676571194,1
2023-03-05,22200963,CHI,IND,0.5958369123785794,0
2023-03-05,22200964,LAL,GSW,0.4855986046841112,1
2023-03-05,22200965,BKN,CHA,0.7061110800621726,1
2023-03-05,22200966,ORL,POR,0.550831989286506,1
2023-03-05,22200967,HOU,SAS,0.5460502834538697,1
2023-03-05,22200968,OKC,UTA,0.49777098920394325,0
2023-03-05,22200969,BOS,NYK,0.658641879782272,1
2023-03-05,22200970,LAC,MEM,0.4201700401743075,0
2023-03-05,22200973,WAS,MIL,0.2951561894410712,0
2023-03-06,22200971,CLE,BOS,0.5660791660371683,0
2023-03-06,22200972,IND,PHI,0.20739765523795578,0
2023-03-06,22200974,MIA,ATL,0.6034985772819538,0
2023-03-06,22200975,DEN,TOR,0.739444799888716,1
2023-03-06,22200976,SAC,NOP,0.6278764691090128,1
2023-03-06,22200977,DET,POR,0.41640149348454014,1
2023-03-07,22200769,DET,WAS,0.3037527699119762,0
2023-03-07,22200978,ORL,MIL,0.24995018117743023,1
2023-03-07,22200979,NYK,CHA,0.7697402965341114,1
2023-03-07,22200980,MIN,PHI,0.47173205279872243,0
2023-03-07,22200981,HOU,BKN,0.19888161161617882,0
2023-03-07,22200982,OKC,GSW,0.4418403107419478,0
2023-03-07,22200983,DAL,UTA,0.619472838332664,1
2023-03-07,22200984,LAL,MEM,0.4609122936051984,1
2023-03-08,22200985,WAS,ATL,0.4809286998508053,0
2023-03-08,22200986,BOS,POR,0.7230225092638697,1
2023-03-08,22200987,MIA,CLE,0.5165742127113522,0
2023-03-08,22200988,NOP,DAL,0.5617837451191844,1
2023-03-08,22200989,DEN,CHI,0.8106246097061878,1
2023-03-08,22200990,PHX,OKC,0.7559138410951463,0
2023-03-08,22200991,LAC,TOR,0.5515167182912872,0
2023-03-09,22200992,DET,CHA,0.49217406431985744,0
2023-03-09,22200993,IND,HOU,0.7118571536675407,1
2023-03-09,22200994,ORL,UTA,0.46668403010050546,0
2023-03-09,22200995,MIL,BKN,0.7466018981816354,1
2023-03-09,22200996,MEM,GSW,0.6049783935086037,1
2023-03-09,22200997,SAC,NYK,0.5394082717142713,0
2023-03-10,22200998,PHI,POR,0.7876114504156839,1
2023-03-10,22200999,WAS,ATL,0.5206333589185076,0
2023-03-10,22201000,MIA,CLE,0.5014977618366399,1
2023-03-10,22201001,MIN,BKN,0.6108931748545963,1
2023-03-10,22201002,SAS,DEN,0.121978962432049,0
2023-03-10,22201003,LAL,TOR,0.524604273946768,0
2023-03-11,22201004,LAC,NYK,0.5580982919292435,0
2023-03-11,22201005,CHA,UTA,0.433484556929686,0
2023-03-11,22201006,DET,IND,0.3962263817141354,0
2023-03-11,22201007,ORL,MIA,0.3907700534025673,0
2023-03-11,22201008,ATL,BOS,0.31710077702856543,0
2023-03-11,22201009,HOU,CHI,0.28708042922287647,1
2023-03-11,22201010,MEM,DAL,0.6341584573103668,1
2023-03-11,22201011,NOP,OKC,0.5446283282575288,1
2023-03-11,22201012,GSW,MIL,0.2838726486307811,0
2023-03-11,22201013,PHX,SAC,0.6496089574471378,0
2023-03-12,22201014,DEN,BKN,0.6818335864217925,1
2023-03-12,22201015,CHA,CLE,0.2672534677974886,0
2023-03-12,22201016,PHI,WAS,0.7767709371064389,0
2023-03-12,22201017,NOP,POR,0.4594174737907138,1
2023-03-12,22201018,SAS,OKC,0.3556813569407989,0
2023-03-12,22201019,LAL,NYK,0.5642889623625859,0
2023-03-13,22201020,DET,IND,0.3420409326986965,1
2023-03-13,22201021,ATL,MIN,0.5287045634385985,0
2023-03-13,22201022,MIA,UTA,0.6192321144031653,1
2023-03-13,22201023,DAL,MEM,0.4815363069755642,0
2023-03-13,22201024,HOU,BOS,0.13855083967028686,0
2023-03-13,22201025,GSW,PHX,0.4747313958024407,0
2023-03-13,22201026,SAC,MIL,0.3203728867677684,0
2023-03-14,22201027,CHA,CLE,0.2991626706870762,0
2023-03-14,22201028,WAS,DET,0.7896372387951822,0
2023-03-14,22201029,TOR,DEN,0.3782041103330936,1
2023-03-14,22201030,NOP,LAL,0.5241097643848591,0
2023-03-14,22201031,OKC,BKN,0.44954004769329836,1
2023-03-14,22201032,SAS,ORL,0.37060128705612644,0
2023-03-14,22201033,PHX,MIL,0.4054916598843689,1
2023-03-14,22201034,POR,NYK,0.3862066954440946,1
2023-03-15,22201035,CLE,PHI,0.32971612468680966,1
2023-03-15,22201036,MIA,MEM,0.5383144040691754,0
2023-03-15,22201037,CHI,SAC,0.44406415284262246,1
2023-03-15,22201038,HOU,LAL,0.31664877358376614,0
2023-03-15,22201039,MIN,BOS,0.43574911260562615,1
2023-03-15,22201040,SAS,DAL,0.29797411875896473,0
2023-03-15,22201041,LAC,GSW,0.49099894946057704,0
2023-03-16,22201042,DET,DEN,0.14607790072811597,0
2023-03-16,22201043,BKN,SAC,0.6015575081162228,1
2023-03-16,22201044,TOR,OKC,0.5841809002615816,0
2023-03-16,22201045,MIL,IND,0.8519467493407143,0
2023-03-16,22201046,PHX,ORL,0.7300169335053637,1
2023-03-17,22201047,CHA,PHI,0.17745110997105923,0
2023-03-17,22201048,ATL,GSW,0.4509867251191846,1
2023-03-17,22201049,CLE,WAS,0.6423998590711564,0
2023-03-17,22201050,CHI,MIN,0.5490574503508012,1
2023-03-17,22201051,HOU,NOP,0.33271661702246064,0
2023-03-17,22201052,SAS,MEM,0.21816798844597254,0
2023-03-17,22201053,POR,BOS,0.303306232372555,0
2023-03-17,22201054,LAL,DAL,0.6113829875287669,0
2023-03-18,22201055,NYK,DEN,0.5059211421997208,0
2023-03-18,22201056,LAC,ORL,0.7306961581407139,1
2023-03-18,22201057,IND,PHI,0.28306216952482033,0
2023-03-18,22201058,TOR,MIN,0.6959990218502728,1
2023-03-18,22201059,WAS,SAC,0.3208660268111287,0
2023-03-18,22201060,CHI,MIA,0.37891328659564405,0
2023-03-18,22201061,MEM,GSW,0.6043812270742254,0
2023-03-18,22201062,UTA,BOS,0.394078341351035,0
2023-03-19,22201063,BKN,DEN,0.5344075440433356,0
2023-03-19,22201064,OKC,PHX,0.4307718809181153,1
2023-03-19,22201065,SAS,ATL,0.33184775522460813,0
2023-03-19,22201066,DET,MIA,0.24342502582376835,0
2023-03-19,22201067,HOU,NOP,0.366156124181034,1
2023-03-19,22201068,MIL,TOR,0.7705083356493998,1
2023-03-19,22201069,POR,LAC,0.4347653705612139,1
2023-03-19,22201070,LAL,ORL,0.6915053294913902,1
2023-03-20,22201071,CHA,IND,0.45717796847025005,1
2023-03-20,22201072,PHI,CHI,0.7931375987557284,1
2023-03-20,22201073,NYK,MIN,0.7492580371796185,1
2023-03-20,22201074,HOU,GSW,0.21840181360665384,1
2023-03-20,22201075,MEM,DAL,0.6957654791296631,0
2023-03-20,22201076,UTA,SAC,0.40922518308395656,0
2023-03-21,22201077,ORL,WAS,0.5223657902610039,1
2023-03-21,22201078,ATL,DET,0.8071304498558409,1
2023-03-21,22201079,BKN,CLE,0.5209504532328765,1
2023-03-21,22201080,NOP,SAS,0.6925460583449258,0
2023-03-21,22201081,SAC,BOS,0.42188461452155634,0
2023-03-21,22201082,LAC,OKC,0.6466677737618255,1
2023-03-22,22201083,WAS,DEN,0.31023172042305464,0
2023-03-22,22201084,MIA,NYK,0.48275693521610286,0
2023-03-22,22201085,TOR,IND,0.6977588316887399,0
2023-03-22,22201086,DAL,GSW,0.4662207618476631,0
2023-03-22,22201087,CHI,PHI,0.29896461186770823,0
2023-03-22,22201088,MEM,HOU,0.8424534285881248,1
2023-03-22,22201089,MIL,SAS,0.9112665772305923,0
2023-03-22,22201090,MIN,ATL,0.5909387057408794,1
2023-03-22,22201091,UTA,POR,0.6530431256855472,0
2023-03-22,22201092,LAL,PHX,0.5530671863979016,0
2023-03-23,22201093,ORL,NYK,0.40588336741837067,0
2023-03-23,22201094,BKN,CLE,0.5370720616332686,1
2023-03-23,22201095,NOP,CHA,0.6566470555416328,1
2023-03-23,22201096,LAC,OKC,0.6390461962531272,1
2023-03-24,22201097,BOS,IND,0.8321212013074214,1
2023-03-24,22201098,WAS,SAS,0.7354220814259673,1
2023-03-24,22201099,TOR,DET,0.8421939667915356,1
2023-03-24,22201100,MEM,HOU,0.8479976855307559,1
2023-03-24,22201101,DAL,CHA,0.7261956188187845,1
2023-03-24,22201102,UTA,MIL,0.32450976484010313,0
2023-03-24,22201103,GSW,PHI,0.32126642941454714,0
2023-03-24,22201104,POR,CHI,0.45523270259076276,0
2023-03-24,22201105,SAC,PHX,0.6605601756220795,0
2023-03-24,22201106,LAL,OKC,0.7365904571260431,1
2023-03-25,22201107,ATL,IND,0.7341660876045665,1
2023-03-25,22201108,MIA,BKN,0.6238410744112212,0
2023-03-25,22201109,DEN,MIL,0.4827064533458749,0
2023-03-25,22201110,PHX,PHI,0.27203542869801395,1
2023-03-25,22201111,SAC,UTA,0.6680831302048882,0
2023-03-25,22201112,LAC,NOP,0.6919505832350151,1
2023-03-26,22201113,CHA,DAL,0.45465523593727364,1
2023-03-26,22201114,LAL,CHI,0.5993251610918662,1
2023-03-26,22201115,ATL,MEM,0.350172411866232,0
2023-03-26,22201116,BOS,SAS,0.9074999857090594,1
2023-03-26,22201117,CLE,HOU,0.82118505951552,1
2023-03-26,22201118,ORL,BKN,0.4632069770208633,0
2023-03-26,22201119,TOR,WAS,0.6988785429774994,1
2023-03-26,22201120,POR,OKC,0.5326429253885454,1
2023-03-26,22201121,GSW,MIN,0.6518595586886944,0
2023-03-27,22201122,DET,MIL,0.10889085529613361,0
2023-03-27,22201123,IND,DAL,0.5246130597424595,0
2023-03-27,22201124,NYK,HOU,0.8976496805501069,1
2023-03-27,22201125,UTA,PHX,0.5054379152195467,0
2023-03-27,22201126,DEN,PHI,0.4321948415590313,0
2023-03-27,22201127,POR,NOP,0.3747272615261775,1
2023-03-27,22201128,SAC,MIN,0.7218861143961558,1
2023-03-27,22201129,LAC,CHI,0.6830891664827853,1
2023-03-28,22201130,WAS,BOS,0.22138136164970998,0
2023-03-28,22201131,ATL,CLE,0.46154123294952265,0
2023-03-28,22201132,TOR,MIA,0.5547691182652472,1
2023-03-28,22201133,MEM,ORL,0.7239876996728657,1
2023-03-28,22201134,OKC,CHA,0.6298649182656136,1
2023-03-28,22201135,GSW,NOP,0.700859739118369,1
2023-03-29,22201136,IND,MIL,0.18104128841012196,1
2023-03-29,22201137,BKN,HOU,0.8433871709240178,0
2023-03-29,22201138,NYK,MIA,0.7115319633002005,1
2023-03-29,22201139,PHI,DAL,0.7693157951709052,1
2023-03-29,22201140,CHI,LAL,0.5419318632153357,0
2023-03-29,22201141,MEM,LAC,0.5427073666855841,0
2023-03-29,22201142,OKC,DET,0.738733421146663,1
2023-03-29,22201143,SAS,UTA,0.31169966739396887,0
2023-03-29,22201144,PHX,MIN,0.5878130240768419,1
2023-03-29,22201145,POR,SAC,0.2824564105618859,1
2023-03-30,22201146,MIL,BOS,0.5153768605030236,0
2023-03-30,22201147,DEN,NOP,0.6958623897140348,0
2023-03-31,22201148,CHA,CHI,0.4544391229435658,0
2023-03-31,22201149,IND,OKC,0.38159927420369166,0
2023-03-31,22201150,PHI,TOR,0.6929665504449469,0
2023-03-31,22201151,WAS,ORL,0.5130543815606795,0
2023-03-31,22201152,BOS,UTA,0.7690778552790201,0
2023-03-31,22201153,BKN,ATL,0.6095412629849328,0
2023-03-31,22201154,CLE,NYK,0.49600804062901543,0
2023-03-31,22201155,HOU,DET,0.6094812170390672,0
2023-03-31,22201156,MEM,LAC,0.6036705456947593,0
2023-03-31,22201157,MIN,LAL,0.5071976932827487,1
2023-03-31,22201158,GSW,SAS,0.8731367797465258,0
2023-03-31,22201159,POR,SAC,0.21102192868456848,0
2023-03-31,22201160,PHX,DEN,0.5933355851816258,1
2023-04-01,22201161,MIA,DAL,0.6150843406733152,0
2023-04-01,22201162,NOP,LAC,0.484523969644482,1
2023-04-02,22201163,CHA,TOR,0.3311089163110695,0
2023-04-02,22201164,BKN,UTA,0.7191418007441274,0
2023-04-02,22201165,CHI,MEM,0.3965080303489451,1
2023-04-02,22201166,MIN,POR,0.7577052565520735,0
2023-04-02,22201167,ATL,DAL,0.6835434481873407,0
2023-04-02,22201168,NYK,WAS,0.7933584883895562,1
2023-04-02,22201169,ORL,DET,0.8031272009955798,1
2023-04-02,22201170,SAC,SAS,0.8966089766548914,1
2023-04-02,22201171,HOU,LAL,0.24614810235106038,0
2023-04-02,22201172,OKC,PHX,0.4280727608983696,0
2023-04-02,22201173,CLE,IND,0.7329472129744224,1
2023-04-02,22201174,MIL,PHI,0.51029457508555,1
2023-04-02,22201175,DEN,GSW,0.6224647191215261,0
2023-04-04,22201176,CHA,TOR,0.3319582854297813,0
2023-04-04,22201177,DET,MIA,0.21077454005907234,0
2023-04-04,22201178,ORL,CLE,0.46079295857209135,1
2023-04-04,22201179,WAS,MIL,0.2621533665703657,0
2023-04-04,22201180,BKN,MIN,0.6183865450185182,1
2023-04-04,22201181,PHI,BOS,0.52812507262112,0
2023-04-04,22201182,CHI,ATL,0.5671136931319454,1
2023-04-04,22201183,HOU,DEN,0.17763997871976622,0
2023-04-04,22201184,MEM,POR,0.8314931054844806,0
2023-04-04,22201185,NOP,SAC,0.3793061694474084,1
2023-04-04,22201186,UTA,LAL,0.3470106297964257,0
2023-04-04,22201187,GSW,OKC,0.634472569484288,0
2023-04-04,22201188,PHX,SAS,0.8573417246111866,1
2023-04-05,22201189,DET,BKN,0.2070546997427142,0
2023-04-05,22201190,IND,NYK,0.23189392877014278,0
2023-04-05,22201191,ATL,WAS,0.6743848986162403,1
2023-04-05,22201192,BOS,TOR,0.6590717166066256,1
2023-04-05,22201193,MIL,CHI,0.7437083902097824,1
2023-04-05,22201194,NOP,MEM,0.3520633470073586,0
2023-04-05,22201195,DAL,SAC,0.39153812409326066,1
2023-04-05,22201196,LAC,LAL,0.6030330056559342,0
2023-04-06,22201197,ORL,CLE,0.45556975529444255,0
2023-04-06,22201198,PHI,MIA,0.676550185607934,0
2023-04-06,22201199,SAS,POR,0.4852894699042895,0
2023-04-06,22201200,UTA,OKC,0.46557381878028004,1
2023-04-06,22201201,PHX,DEN,0.539794806821032,0
2023-04-07,22201202,CHA,HOU,0.6077361193851235,1
2023-04-07,22201203,IND,DET,0.7549514902840183,1
2023-04-07,22201204,WAS,MIA,0.4030349982406749,1
2023-04-07,22201205,ATL,PHI,0.5126122102610109,1
2023-04-07,22201206,BOS,TOR,0.6450053844708731,0
2023-04-07,22201207,BKN,ORL,0.6962979915530529,1
2023-04-07,22201208,MIL,MEM,0.6535200081149358,1
2023-04-07,22201209,NOP,NYK,0.3572484785375702,1
2023-04-07,22201210,DAL,CHI,0.4462397115049771,0
2023-04-07,22201211,SAC,GSW,0.5866129409417676,1
2023-04-07,22201212,LAL,PHX,0.5232963032062663,1
2023-04-08,22201213,UTA,DEN,0.27208489333789676,1
2023-04-08,22201214,SAS,MIN,0.3482877582796206,0
2023-04-08,22201215,LAC,POR,0.7729209764692487,1
2023-04-09,22201216,BOS,ATL,0.7223501392222981,1
2023-04-09,22201217,BKN,PHI,0.4875329464988065,1
2023-04-09,22201218,CLE,CHA,0.7714623941621721,1
2023-04-09,22201219,MIA,ORL,0.6719993810209529,1
2023-04-09,22201220,NYK,IND,0.8164767128379455,1
2023-04-09,22201221,TOR,MIL,0.38094491017615234,0
2023-04-09,22201222,WAS,HOU,0.6481362899027039,1
2023-04-09,22201223,CHI,DET,0.8558469897283711,1
2023-04-09,22201224,DAL,SAS,0.7395423521028827,0
2023-04-09,22201225,MIN,NOP,0.5086667514391902,1
2023-04-09,22201226,OKC,MEM,0.3694992656558553,0
2023-04-09,22201227,DEN,SAC,0.5203150248334815,1
2023-04-09,22201228,LAL,UTA,0.7709181721819285,1
2023-04-09,22201229,PHX,LAC,0.6783288559403251,0
2023-04-09,22201230,POR,GSW,0.20798697002901623,0
